post_number,image_url,image_filename
1,,post_001_Quick_Assessment_Strategies.png
2,,post_002_Systems_Diagrams.png
3,,post_003_Critical_Thinking_Growth.png
4,,post_004_Interactive_Modeling_Lessons.png
5,,post_005_Classroom_Victory_Celebrations.png
6,,post_006_Dynamic_Biological_Processes.png
7,,post_007_Classroom_Management_Tips.png
8,,post_008_Time-Saving_Lesson_Prep.png
9,,post_009_Cell_Collective_Features.png
10,,post_010_Coloring_&_Puzzles.png
11,,post_011_Interconnected_Biological_Syst.png
12,,post_012_Remote_Learning_Solutions.png
13,,post_013_New_Teaching_Strategies.png
14,,post_014_Student_Model_Discoveries.png
15,,post_015_Monday_Motivation.png
16,,post_016_Computational_Biology_Basics.png
17,,post_017_Boosting_Student_Engagement.png
18,,post_018_STEM_Career_Connections.png
19,,post_019_Differentiation_Made_Simple.png
20,,post_020_Student_Breakthroughs.png
21,,post_021_Cell_Collective_Lesson_Plans.png
22,,post_022_Brain_Break_Science_Activities.png
23,,post_023_Aha_Moments_in_Biology.png
24,,post_024_STEM_Education_Trends.png
25,,post_025_Meeting_NGSS_Standards_Easily.png
26,,post_026_Multi-Scale_Modeling.png
27,,post_027_Understanding_Feedback_Loops.png
28,,post_028_Students_Leading_Their_Learning.png
29,,post_029_Biology_Modeling_Workshops.png
30,,post_030_End-of-Week_Wins.png
31,,post_031_Scenario-Based_Science_Lessons.png
32,,post_032_Teaching_Complex_Systems.png
33,,post_033_Advanced_Modeling_Strategies.png
34,,post_034_Exploring_Biological_Networks.png
35,,post_035_Differentiated_Instruction.png
36,,post_036_Computational_Biology_Accessible.png
37,,post_037_Adapting_to_Student_Needs.png
38,,post_038_Lab-Less_Science_Success.png
39,,post_039_Making_Science_Relatable.png
40,,post_040_Weekend_Recharge.png
41,,post_041_Real-World_Biological_Models.png
42,,post_042_Connecting_Multiple_Standards.png
43,,post_043_Visual_Learner_Strategies.png
44,,post_044_Cell_Biology_Simulation.png
45,,post_045_Classroom_Management_Tips.png
46,,post_046_Student-Driven_Discovery.png
47,,post_047_Collaborating_With_Colleagues.png
48,,post_048_Student_Success_Highlights.png
49,,post_049_ModelIT_Community_Insights.png
50,,post_050_Reflecting_on_the_Week.png
51,,post_051_Visual_Biology_Concepts.png
52,,post_052_Model-Based_Inquiry.png
53,,post_053_NGSS_Alignment_Tips.png
54,,post_054_Biological_Pathway_Modeling.png
55,,post_055_Assessment_Innovations.png
56,,post_056_Interactive_Disease_Models.png
57,,post_057_Integrating_Technology_Seamlessly.png
58,,post_058_Remote_Learning_Wins.png
59,,post_059_Engaging_Reluctant_Learners.png
60,,post_060_Week_in_Review.png
61,,post_061_Systems_Thinking_Activities.png
62,,post_062_Cross-Curricular_Integration.png
63,,post_063_Exploring_New_Features.png
64,,post_064_Real-World_Biological_Connections.png
65,,post_065_Building_Student_Confidence.png
66,,post_066_Advanced_Modeling_Techniques.png
67,,post_067_Flexible_Lesson_Planning.png
68,,post_068_Teaching_Teamwork_Skills.png
69,,post_069_Science_Success_Stories.png
70,,post_070_Celebrating_Small_Victories.png
71,,post_071_Making_Abstract_Concepts_Concrete.png
72,,post_072_Aligning_With_Standards.png
73,,post_073_Troubleshooting_Tips.png
74,,post_074_Multi-Level_Modeling.png
75,,post_075_Evidence-Based_Teaching.png
76,,post_076_Gene_Regulation_Models.png
77,,post_077_Balancing_Content_and_Engagement.png
78,,post_078_Tech_Integration_Success.png
79,,post_079_Fostering_Scientific_Curiosity.png
80,,post_080_Week_Wrap-Up.png
81,,post_081_Interactive_Diagrams.png
82,,post_082_Simplifying_Complex_Topics.png
83,,post_083_Community_Collaboration.png
84,,post_084_Exploring_Signal_Transduction.png
85,,post_085_Adapting_Lessons_Mid-Stride.png
86,,post_086_Metabolism_Modeling.png
87,,post_087_Responding_to_Student_Feedback.png
88,,post_088_Project-Based_Learning.png
89,,post_089_Classroom_Transformations.png
90,,post_090_Weekend_Reflection.png
91,,post_091_Cause-and-Effect_Modeling.png
92,,post_092_Standards-Based_Grading.png
93,,post_093_ModelIT_Pro_Tips.png
94,,post_094_Immune_System_Simulations.png
95,,post_095_Keeping_Lessons_Fresh.png
96,,post_096_Ecosystem_Modeling.png
97,,post_097_Professional_Growth.png
98,,post_098_Virtual_Lab_Experiences.png
99,,post_099_Student_Testimonials.png
100,,post_100_Celebrating_Milestones.png
101,,post_101_Building_Scientific_Models.png
102,,post_102_Inquiry-Based_Learning.png
103,,post_103_Finding_New_Resources.png
104,,post_104_Reflecting_on_Success.png
